Time;durP1;ratioP1;P1;durP2;ratioP2;P2;SDS_P1;SDS_P2;PMS_P1;PMS_P2;Temp;Humidity;BMP_temperature;BMP_pressure;BME280_temperature;BME280_humidity;BME280_pressure;Samples;Min_cycle;Max_cycle;Signal;HPM_P1;HPM_P2
2021/09/29 00:01:38;;;;;;;3.85;1.83;;;23.90;57.90;;;;;;5054168;28;20086;-42
2021/09/29 00:04:04;;;;;;;3.28;1.98;;;23.90;57.90;;;;;;5053121;28;20013;-45
2021/09/29 00:06:29;;;;;;;3.40;1.65;;;23.80;57.90;;;;;;5054266;28;20017;-42
2021/09/29 00:08:55;;;;;;;2.70;1.55;;;23.80;57.80;;;;;;5054190;28;20048;-42
2021/09/29 00:11:20;;;;;;;3.80;2.05;;;23.90;57.80;;;;;;5054374;28;20074;-42
2021/09/29 00:13:46;;;;;;;2.83;1.55;;;23.80;57.80;;;;;;5054696;28;20021;-43
2021/09/29 00:16:11;;;;;;;2.78;1.65;;;23.90;57.80;;;;;;5054573;28;20036;-42
2021/09/29 00:18:37;;;;;;;2.33;1.42;;;23.80;57.70;;;;;;5054555;28;20415;-43
2021/09/29 00:21:02;;;;;;;2.92;1.90;;;23.80;57.70;;;;;;5053398;28;20120;-42
2021/09/29 00:23:28;;;;;;;3.08;1.65;;;23.90;57.70;;;;;;5054340;28;20029;-42
2021/09/29 00:25:53;;;;;;;2.67;1.60;;;23.80;57.70;;;;;;5054452;28;20041;-42
2021/09/29 00:28:19;;;;;;;2.20;1.50;;;23.80;57.70;;;;;;5054268;28;20044;-43
2021/09/29 00:30:51;;;;;;;2.65;1.60;;;23.80;57.70;;;;;;5054150;28;20464;-42
2021/09/29 00:33:17;;;;;;;5.18;1.80;;;23.80;57.70;;;;;;5054184;28;20033;-47
2021/09/29 00:35:43;;;;;;;2.95;1.60;;;23.80;57.70;;;;;;5053039;28;20032;-44
2021/09/29 00:38:08;;;;;;;2.15;1.23;;;23.80;57.70;;;;;;5053997;28;20388;-49
2021/09/29 00:40:34;;;;;;;2.38;1.40;;;23.80;57.60;;;;;;5053996;28;20490;-47
2021/09/29 00:42:59;;;;;;;2.45;1.40;;;23.80;57.60;;;;;;5054146;28;20033;-47
2021/09/29 00:45:25;;;;;;;2.67;1.52;;;23.80;57.60;;;;;;5052723;28;20461;-41
2021/09/29 00:47:50;;;;;;;2.30;1.35;;;23.80;57.60;;;;;;5054006;28;20082;-44
2021/09/29 00:50:16;;;;;;;3.25;1.40;;;23.80;57.60;;;;;;5053885;28;20483;-44
2021/09/29 00:52:41;;;;;;;2.58;1.50;;;23.80;57.60;;;;;;5054000;28;20025;-42
2021/09/29 00:55:09;;;;;;;2.67;1.50;;;23.80;57.60;;;;;;5052562;28;20413;-42
2021/09/29 00:57:35;;;;;;;2.28;1.48;;;23.80;57.50;;;;;;5053833;28;20032;-41
2021/09/29 01:00:00;;;;;;;1.98;1.10;;;23.80;57.50;;;;;;5053749;28;20029;-42
2021/09/29 01:02:26;;;;;;;3.22;1.67;;;23.80;57.50;;;;;;5053810;28;20666;-42
2021/09/29 01:04:51;;;;;;;2.03;1.10;;;23.70;57.50;;;;;;5053591;28;20037;-45
2021/09/29 01:07:27;;;;;;;2.42;1.20;;;23.70;57.50;;;;;;5052381;28;20388;-48
2021/09/29 01:09:59;;;;;;;3.47;1.52;;;23.70;57.50;;;;;;5052276;28;20025;-43
2021/09/29 01:12:37;;;;;;;2.80;1.52;;;23.70;57.50;;;;;;5052249;28;20380;-42
2021/09/29 01:15:10;;;;;;;2.05;1.25;;;23.70;57.50;;;;;;5052498;28;20135;-43
2021/09/29 01:17:37;;;;;;;2.45;1.30;;;23.70;57.40;;;;;;5035614;28;20063;-41
2021/09/29 01:20:05;;;;;;;2.25;1.38;;;23.70;57.40;;;;;;5052058;28;20476;-46
2021/09/29 01:22:55;;;;;;;2.20;1.10;;;23.70;57.40;;;;;;5053219;28;20025;-44
2021/09/29 01:25:51;;;;;;;2.35;1.13;;;23.70;57.40;;;;;;5052042;28;20021;-42
2021/09/29 01:28:18;;;;;;;2.55;1.50;;;23.70;57.40;;;;;;5053171;28;20408;-43
2021/09/29 01:30:43;;;;;;;2.08;1.00;;;23.60;57.40;;;;;;5052034;28;20025;-42
2021/09/29 01:33:09;;;;;;;1.42;1.10;;;23.60;57.40;;;;;;5035113;28;20048;-41
2021/09/29 01:35:35;;;;;;;2.70;1.27;;;23.60;57.40;;;;;;5051994;28;20399;-43
2021/09/29 01:38:00;;;;;;;1.80;1.00;;;23.60;57.40;;;;;;5053275;28;20032;-43
2021/09/29 01:40:26;;;;;;;2.17;1.20;;;23.60;57.30;;;;;;5051646;28;20033;-41
2021/09/29 01:42:51;;;;;;;1.88;1.30;;;23.60;57.30;;;;;;5053046;28;20468;-41
2021/09/29 01:45:17;;;;;;;3.30;1.15;;;23.60;57.30;;;;;;5051512;28;20043;-42
2021/09/29 01:47:42;;;;;;;3.22;1.17;;;23.60;57.30;;;;;;5052873;28;20396;-41
2021/09/29 01:50:08;;;;;;;2.13;1.20;;;23.60;57.30;;;;;;5052694;28;20047;-42
2021/09/29 01:52:36;;;;;;;1.33;0.80;;;23.60;57.30;;;;;;5051501;28;20029;-42
2021/09/29 01:55:01;;;;;;;1.92;1.40;;;23.60;57.20;;;;;;5052767;28;20472;-42
2021/09/29 01:57:27;;;;;;;2.42;1.13;;;23.60;57.20;;;;;;5052567;28;20021;-41
2021/09/29 01:59:52;;;;;;;2.28;1.10;;;23.60;57.20;;;;;;5034866;28;20124;-43
2021/09/29 02:02:18;;;;;;;3.47;1.00;;;23.60;57.20;;;;;;5052619;28;20028;-42
2021/09/29 02:04:44;;;;;;;1.48;0.95;;;23.60;57.20;;;;;;5052755;28;20035;-42
2021/09/29 02:07:10;;;;;;;1.40;0.90;;;23.50;57.20;;;;;;5052559;28;20120;-42
2021/09/29 02:09:36;;;;;;;1.90;1.45;;;23.50;57.10;;;;;;5052494;28;20100;-44
2021/09/29 02:12:01;;;;;;;2.92;1.40;;;23.50;57.10;;;;;;5052353;28;20469;-41
2021/09/29 02:14:27;;;;;;;2.13;1.17;;;23.50;57.20;;;;;;5052350;28;20087;-42
2021/09/29 02:16:53;;;;;;;2.03;1.13;;;23.60;57.20;;;;;;5052355;28;20071;-42
2021/09/29 02:19:19;;;;;;;2.50;1.00;;;23.50;57.10;;;;;;5052155;28;20096;-43
2021/09/29 02:21:45;;;;;;;1.50;0.95;;;23.50;57.20;;;;;;5051149;28;20551;-41
2021/09/29 02:24:10;;;;;;;2.40;1.20;;;23.50;57.10;;;;;;5052315;28;20380;-45
2021/09/29 02:26:36;;;;;;;1.58;1.00;;;23.50;57.10;;;;;;5052269;28;20065;-47
2021/09/29 02:29:02;;;;;;;1.25;0.90;;;23.50;57.10;;;;;;5052025;28;20379;-42
2021/09/29 02:31:27;;;;;;;1.20;1.00;;;23.50;57.10;;;;;;5051909;28;20033;-42
2021/09/29 02:33:53;;;;;;;1.70;1.10;;;23.50;57.00;;;;;;5051850;28;20463;-41
2021/09/29 02:36:19;;;;;;;1.75;1.10;;;23.50;57.00;;;;;;5050651;28;20457;-42
2021/09/29 02:38:44;;;;;;;2.38;1.05;;;23.50;57.00;;;;;;5052070;28;20017;-41
2021/09/29 02:41:11;;;;;;;1.58;1.00;;;23.40;57.00;;;;;;5051837;28;20037;-42
2021/09/29 02:43:36;;;;;;;2.60;1.20;;;23.50;57.00;;;;;;5051842;28;20021;-44
2021/09/29 02:46:02;;;;;;;2.75;1.20;;;23.50;57.00;;;;;;5052663;28;20033;-41
2021/09/29 02:48:28;;;;;;;2.20;1.00;;;23.40;57.00;;;;;;5052055;28;20036;-44
2021/09/29 02:50:53;;;;;;;1.60;1.10;;;23.40;57.00;;;;;;5051654;28;20460;-43
2021/09/29 02:53:19;;;;;;;1.50;1.05;;;23.40;57.00;;;;;;5051870;28;20082;-43
2021/09/29 02:55:44;;;;;;;1.30;1.10;;;23.40;56.90;;;;;;5050437;28;20021;-43
2021/09/29 02:58:10;;;;;;;2.05;1.20;;;23.40;56.90;;;;;;5054317;28;20392;-43
2021/09/29 03:00:36;;;;;;;1.80;1.20;;;23.40;56.90;;;;;;5058433;28;20029;-42
2021/09/29 03:03:01;;;;;;;1.85;1.05;;;23.40;56.90;;;;;;5058305;28;20025;-43
2021/09/29 03:05:27;;;;;;;1.65;1.08;;;23.40;56.90;;;;;;5057396;28;20021;-44
2021/09/29 03:07:52;;;;;;;1.52;1.00;;;23.40;56.90;;;;;;5058386;28;20112;-45
2021/09/29 03:10:17;;;;;;;1.50;1.10;;;23.40;56.90;;;;;;5058270;28;20052;-42
2021/09/29 03:12:43;;;;;;;2.22;1.00;;;23.40;56.90;;;;;;5058272;28;20025;-43
2021/09/29 03:15:09;;;;;;;1.83;1.13;;;23.40;56.90;;;;;;5058264;28;20036;-42
2021/09/29 03:17:34;;;;;;;1.92;1.00;;;23.30;56.80;;;;;;5058167;28;20476;-42
2021/09/29 03:20:00;;;;;;;2.20;1.27;;;23.40;56.80;;;;;;5057220;28;20025;-43
2021/09/29 03:22:25;;;;;;;1.60;1.10;;;23.40;56.80;;;;;;5058525;28;20024;-41
2021/09/29 03:24:51;;;;;;;1.27;0.80;;;23.40;56.80;;;;;;5058219;28;20029;-41
2021/09/29 03:27:16;;;;;;;1.88;1.23;;;23.30;56.80;;;;;;5058120;28;20036;-41
2021/09/29 03:29:42;;;;;;;1.55;0.90;;;23.30;56.80;;;;;;5058049;28;20100;-44
2021/09/29 03:32:07;;;;;;;1.70;1.00;;;23.30;56.80;;;;;;5057946;28;20033;-42
2021/09/29 03:34:33;;;;;;;2.05;1.00;;;23.30;56.80;;;;;;5058073;28;20059;-46
2021/09/29 03:36:58;;;;;;;1.80;0.98;;;23.30;56.80;;;;;;5057942;28;20029;-42
2021/09/29 03:39:24;;;;;;;1.67;1.08;;;23.30;56.80;;;;;;5058171;28;20032;-42
2021/09/29 03:41:50;;;;;;;2.17;1.13;;;23.30;56.80;;;;;;5058024;28;20056;-42
2021/09/29 03:44:15;;;;;;;1.52;1.00;;;23.30;56.80;;;;;;5056777;28;20090;-44
2021/09/29 03:46:40;;;;;;;1.85;1.08;;;23.30;56.70;;;;;;5058135;28;20160;-42
2021/09/29 03:49:06;;;;;;;1.92;1.02;;;23.30;56.70;;;;;;5058157;28;20044;-42
2021/09/29 03:51:32;;;;;;;2.10;1.00;;;23.30;56.70;;;;;;5058029;28;20096;-42
2021/09/29 03:53:58;;;;;;;1.40;1.00;;;23.30;56.70;;;;;;5058057;28;20022;-45
2021/09/29 03:56:24;;;;;;;1.98;1.05;;;23.30;56.70;;;;;;5058097;28;20029;-43
2021/09/29 03:58:49;;;;;;;1.50;0.93;;;23.30;56.70;;;;;;5058059;28;20032;-42
2021/09/29 04:01:15;;;;;;;2.35;1.20;;;23.30;56.70;;;;;;5057949;28;20036;-41
2021/09/29 04:03:40;;;;;;;2.65;1.10;;;23.30;56.70;;;;;;5056455;28;20444;-43
2021/09/29 04:06:06;;;;;;;1.75;1.05;;;23.30;56.70;;;;;;5057850;28;20048;-41
2021/09/29 04:08:31;;;;;;;1.60;0.90;;;23.30;56.70;;;;;;5056135;28;20025;-40
2021/09/29 04:10:58;;;;;;;2.67;1.08;;;23.30;56.70;;;;;;5054589;28;20025;-42
2021/09/29 04:13:23;;;;;;;1.77;1.02;;;23.30;56.70;;;;;;5054583;28;20039;-45
2021/09/29 04:15:51;;;;;;;2.08;1.10;;;23.30;56.70;;;;;;5054498;28;20025;-42
2021/09/29 04:18:17;;;;;;;1.27;0.90;;;23.30;56.70;;;;;;5054629;28;20383;-43
2021/09/29 04:20:42;;;;;;;1.85;1.00;;;23.30;56.70;;;;;;5054532;28;20103;-40
2021/09/29 04:23:08;;;;;;;2.30;1.20;;;23.30;56.70;;;;;;5053262;28;20037;-41
2021/09/29 04:25:33;;;;;;;1.80;1.10;;;23.30;56.70;;;;;;5053182;28;20108;-42
2021/09/29 04:27:59;;;;;;;1.85;0.90;;;23.30;56.70;;;;;;5053188;28;20029;-41
2021/09/29 04:30:24;;;;;;;1.83;1.20;;;23.30;56.70;;;;;;5054224;28;20109;-40
2021/09/29 04:32:50;;;;;;;1.52;0.90;;;23.30;56.70;;;;;;5054071;28;20080;-41
2021/09/29 04:35:15;;;;;;;1.65;1.10;;;23.30;56.70;;;;;;5054344;28;20024;-44
2021/09/29 04:37:41;;;;;;;2.72;1.13;;;23.30;56.70;;;;;;5054531;28;20029;-41
2021/09/29 04:40:07;;;;;;;1.98;1.08;;;23.30;56.70;;;;;;5054278;28;20044;-41
2021/09/29 04:42:33;;;;;;;1.90;1.20;;;23.30;56.70;;;;;;5054111;28;20061;-43
2021/09/29 04:44:58;;;;;;;1.92;0.82;;;23.30;56.70;;;;;;5054385;28;20063;-47
2021/09/29 04:47:24;;;;;;;1.73;1.02;;;23.30;56.60;;;;;;5053960;28;20025;-45
2021/09/29 04:49:49;;;;;;;1.90;1.10;;;23.30;56.60;;;;;;5052601;28;20021;-44
2021/09/29 04:52:15;;;;;;;1.60;0.90;;;23.30;56.60;;;;;;5053887;28;20039;-42
2021/09/29 04:54:43;;;;;;;1.33;1.00;;;23.30;56.60;;;;;;5053869;28;20025;-43
2021/09/29 04:57:09;;;;;;;1.77;1.00;;;23.30;56.60;;;;;;5053786;28;20079;-45
2021/09/29 04:59:35;;;;;;;1.42;1.00;;;23.30;56.70;;;;;;5053802;28;20021;-47
2021/09/29 05:02:05;;;;;;;1.50;1.00;;;23.30;56.70;;;;;;5053655;28;20033;-43
2021/09/29 05:04:30;;;;;;;1.35;1.05;;;23.30;56.70;;;;;;5053622;28;20036;-47
2021/09/29 05:06:56;;;;;;;1.45;1.00;;;23.30;56.60;;;;;;5053853;28;20112;-42
2021/09/29 05:09:21;;;;;;;1.98;0.98;;;23.30;56.70;;;;;;5052487;28;20029;-41
2021/09/29 05:11:58;;;;;;;1.25;1.08;;;23.30;56.60;;;;;;5052296;28;20052;-43
2021/09/29 05:14:23;;;;;;;1.75;1.08;;;23.30;56.70;;;;;;5052266;28;20025;-41
2021/09/29 05:16:49;;;;;;;2.05;0.95;;;23.30;56.60;;;;;;5053419;28;20028;-41
2021/09/29 05:19:14;;;;;;;2.08;1.00;;;23.30;56.60;;;;;;5053402;28;20029;-41
2021/09/29 05:21:40;;;;;;;2.58;1.25;;;23.30;56.60;;;;;;5051835;28;20033;-43
2021/09/29 05:24:05;;;;;;;4.53;1.60;;;23.30;56.70;;;;;;5053319;28;20488;-42
2021/09/29 05:26:31;;;;;;;2.67;1.20;;;23.30;56.80;;;;;;5053329;28;20376;-45
2021/09/29 05:28:56;;;;;;;3.00;1.38;;;23.30;56.80;;;;;;5053196;28;20479;-43
2021/09/29 05:31:22;;;;;;;2.10;1.20;;;23.30;56.90;;;;;;5053103;28;20029;-41
2021/09/29 05:33:48;;;;;;;3.25;1.60;;;23.30;57.00;;;;;;5052957;28;20060;-42
2021/09/29 05:36:13;;;;;;;5.22;1.40;;;23.30;57.10;;;;;;5053082;28;20053;-41
2021/09/29 05:38:39;;;;;;;2.95;1.15;;;23.30;57.00;;;;;;5051815;28;20025;-41
2021/09/29 05:41:04;;;;;;;3.13;1.58;;;23.30;56.90;;;;;;5053050;28;20040;-42
2021/09/29 05:43:30;;;;;;;2.90;1.40;;;23.30;56.90;;;;;;5053008;28;20029;-42
2021/09/29 05:45:57;;;;;;;3.35;1.25;;;23.30;56.70;;;;;;5052014;28;20025;-42
2021/09/29 05:48:23;;;;;;;3.92;1.30;;;23.20;56.60;;;;;;5052099;28;20032;-43
2021/09/29 05:50:48;;;;;;;3.95;1.48;;;23.20;56.70;;;;;;5050853;28;20040;-43
2021/09/29 05:53:14;;;;;;;2.97;1.20;;;23.30;56.90;;;;;;5050028;28;20025;-43
2021/09/29 05:55:39;;;;;;;2.60;1.40;;;23.30;56.90;;;;;;5049140;28;20028;-45
2021/09/29 05:58:05;;;;;;;3.42;1.30;;;23.30;56.90;;;;;;5048213;28;20021;-44
2021/09/29 06:00:30;;;;;;;2.42;1.20;;;23.30;56.90;;;;;;5049779;28;20108;-43
2021/09/29 06:02:56;;;;;;;3.28;1.20;;;23.30;57.00;;;;;;5048497;28;20361;-44
2021/09/29 06:05:21;;;;;;;3.05;1.27;;;23.40;57.00;;;;;;5049872;28;20159;-44
2021/09/29 06:07:48;;;;;;;1.88;1.30;;;23.50;56.90;;;;;;5049231;28;20074;-45
2021/09/29 06:10:13;;;;;;;2.92;1.27;;;23.50;56.80;;;;;;5049135;28;20119;-45
2021/09/29 06:12:39;;;;;;;3.72;1.15;;;23.50;56.80;;;;;;5049217;28;20582;-47
2021/09/29 06:15:05;;;;;;;2.78;1.00;;;23.50;56.80;;;;;;5049358;28;20032;-48
2021/09/29 06:17:39;;;;;;;3.22;1.10;;;23.50;56.70;;;;;;5049934;28;20024;-45
2021/09/29 06:20:06;;;;;;;5.03;1.40;;;23.60;56.60;;;;;;5052306;28;20013;-46
2021/09/29 06:22:31;;;;;;;2.92;1.50;;;23.50;56.60;;;;;;5052140;28;20046;-45
2021/09/29 06:24:56;;;;;;;3.00;1.42;;;23.50;56.40;;;;;;5052149;28;20028;-45
2021/09/29 06:27:22;;;;;;;3.30;1.60;;;23.50;56.10;;;;;;5052295;28;20499;-44
2021/09/29 06:29:47;;;;;;;2.00;1.10;;;23.50;56.10;;;;;;5052138;28;20048;-44
2021/09/29 06:32:13;;;;;;;3.42;1.30;;;23.40;56.10;;;;;;5051188;28;20048;-44
2021/09/29 06:34:38;;;;;;;4.13;1.45;;;23.40;56.30;;;;;;5051990;28;20123;-43
2021/09/29 06:37:04;;;;;;;3.47;1.38;;;23.40;56.40;;;;;;5052196;28;20099;-43
2021/09/29 06:39:29;;;;;;;4.85;1.33;;;23.40;56.70;;;;;;5050829;28;20075;-46
2021/09/29 06:41:55;;;;;;;4.78;1.67;;;23.40;56.90;;;;;;5050890;28;20754;-47
2021/09/29 06:44:20;;;;;;;3.30;1.33;;;23.40;57.10;;;;;;5051718;28;20032;-43
2021/09/29 06:46:46;;;;;;;4.93;1.40;;;23.40;57.10;;;;;;5051942;28;20053;-42
2021/09/29 06:49:11;;;;;;;4.75;1.70;;;23.40;57.20;;;;;;5051736;28;20033;-44
2021/09/29 06:51:37;;;;;;;2.70;1.23;;;23.50;57.10;;;;;;5051618;28;20495;-43
2021/09/29 06:54:02;;;;;;;3.92;1.50;;;23.40;56.90;;;;;;5051725;28;20025;-46
2021/09/29 06:56:28;;;;;;;3.05;1.60;;;23.40;56.90;;;;;;5051741;28;20071;-43
2021/09/29 06:58:53;;;;;;;5.30;1.58;;;23.40;56.80;;;;;;5051583;28;20025;-43
2021/09/29 07:01:20;;;;;;;3.90;1.70;;;23.30;56.60;;;;;;5050203;28;20036;-46
2021/09/29 07:03:47;;;;;;;3.67;1.65;;;23.30;56.60;;;;;;5051038;28;20032;-44
2021/09/29 07:06:12;;;;;;;3.15;1.42;;;23.30;56.60;;;;;;5050191;28;20491;-42
2021/09/29 07:08:38;;;;;;;2.67;1.30;;;23.30;56.60;;;;;;5051394;28;20029;-44
2021/09/29 07:11:03;;;;;;;4.53;1.73;;;23.30;56.40;;;;;;5051509;28;20028;-43
2021/09/29 07:13:29;;;;;;;4.00;1.67;;;23.30;56.40;;;;;;5051484;28;20032;-44
2021/09/29 07:15:55;;;;;;;8.88;2.00;;;23.30;56.40;;;;;;5043554;28;20025;-45
2021/09/29 07:18:20;;;;;;;4.60;1.67;;;23.30;56.40;;;;;;5047655;28;20029;-44
2021/09/29 07:20:46;;;;;;;3.58;1.42;;;23.30;56.70;;;;;;5051126;28;20021;-42
2021/09/29 07:23:11;;;;;;;4.53;1.98;;;23.30;56.80;;;;;;5051227;28;20119;-43
2021/09/29 07:25:38;;;;;;;4.03;1.80;;;23.30;57.00;;;;;;5051562;28;20118;-45
2021/09/29 07:28:04;;;;;;;4.60;1.88;;;23.40;57.40;;;;;;5049783;28;20036;-45
2021/09/29 07:30:30;;;;;;;3.72;1.90;;;23.50;57.50;;;;;;5051319;28;20055;-44
2021/09/29 07:32:57;;;;;;;4.07;1.60;;;23.50;57.50;;;;;;5033293;28;20049;-44
2021/09/29 07:35:22;;;;;;;2.67;1.60;;;23.50;57.50;;;;;;5033704;28;20048;-45
2021/09/29 07:37:48;;;;;;;5.32;1.73;;;23.50;57.50;;;;;;5050866;28;20060;-47
2021/09/29 07:40:13;;;;;;;3.70;1.60;;;23.60;57.50;;;;;;5033334;28;20021;-44
2021/09/29 07:42:39;;;;;;;3.40;1.60;;;23.60;57.50;;;;;;5050029;28;20499;-42
2021/09/29 07:45:05;;;;;;;4.38;1.52;;;23.70;57.50;;;;;;5052673;28;20032;-43
2021/09/29 07:47:31;;;;;;;3.85;1.63;;;23.60;57.40;;;;;;5053426;28;20029;-43
2021/09/29 07:49:57;;;;;;;3.22;1.40;;;23.70;57.50;;;;;;5053607;28;20033;-47
2021/09/29 07:52:22;;;;;;;11.65;1.63;;;23.70;57.50;;;;;;5036749;28;20056;-47
2021/09/29 07:54:48;;;;;;;3.70;1.40;;;23.70;57.50;;;;;;5036682;28;20071;-44
2021/09/29 07:57:13;;;;;;;2.45;1.13;;;23.80;57.40;;;;;;5036620;28;20033;-46
2021/09/29 07:59:39;;;;;;;2.10;1.20;;;23.80;57.40;;;;;;5036822;28;20025;-47
2021/09/29 08:02:04;;;;;;;1.92;1.10;;;23.80;57.40;;;;;;5036934;28;20033;-44
2021/09/29 08:04:30;;;;;;;4.20;1.40;;;23.80;57.40;;;;;;5036473;28;20492;-45
2021/09/29 08:06:55;;;;;;;4.18;1.30;;;23.80;57.40;;;;;;5036275;28;20483;-46
2021/09/29 08:09:21;;;;;;;2.15;1.10;;;23.80;57.40;;;;;;5054286;28;20380;-43
2021/09/29 08:11:46;;;;;;;2.65;1.17;;;23.80;57.40;;;;;;5036645;28;20025;-46
2021/09/29 08:14:12;;;;;;;2.83;1.38;;;23.80;57.40;;;;;;5036223;28;20036;-44
2021/09/29 08:16:38;;;;;;;2.05;1.30;;;23.80;57.40;;;;;;5052544;28;20029;-42
2021/09/29 08:19:03;;;;;;;2.03;1.30;;;23.80;57.40;;;;;;5054049;28;20100;-44
2021/09/29 08:21:30;;;;;;;3.10;1.58;;;23.80;57.40;;;;;;5054317;28;20122;-44
2021/09/29 08:24:03;;;;;;;2.95;1.50;;;23.80;57.40;;;;;;5053994;28;20024;-48
2021/09/29 08:26:44;;;;;;;2.90;1.13;;;23.80;57.40;;;;;;5054228;28;20037;-49
2021/09/29 08:32:15;;;;;;;2.92;1.35;;;23.90;57.40;;;;;;5053731;28;20204;-44
2021/09/29 08:34:44;;;;;;;2.53;1.52;;;23.90;57.40;;;;;;5053774;28;20130;-43
2021/09/29 08:39:47;;;;;;;3.28;1.70;;;23.90;55.90;;;;;;5053589;28;20036;-48
2021/09/29 08:42:23;;;;;;;3.67;1.45;;;23.80;55.60;;;;;;5037243;28;20060;-47
2021/09/29 08:44:58;;;;;;;4.75;2.03;;;23.80;55.70;;;;;;5052759;28;20107;-48
2021/09/29 08:49:56;;;;;;;3.67;1.77;;;23.60;55.90;;;;;;5035905;28;20029;-49
2021/09/29 08:55:12;;;;;;;4.22;1.55;;;23.80;56.40;;;;;;5052166;28;20032;-45
2021/09/29 09:16:45;;;;;;;6.60;2.75;;;23.50;51.70;;;;;;5032922;28;20107;-48
2021/09/29 09:19:12;;;;;;;7.25;2.60;;;23.00;54.50;;;;;;5033162;28;20022;-49
2021/09/29 09:21:43;;;;;;;4.93;2.40;;;23.20;55.70;;;;;;5032966;28;20065;-47
2021/09/29 09:24:15;;;;;;;5.97;2.05;;;23.30;56.20;;;;;;5015545;28;20053;-43
2021/09/29 09:26:41;;;;;;;5.47;1.80;;;23.30;56.30;;;;;;5032814;28;20387;-44
2021/09/29 09:29:08;;;;;;;5.18;2.63;;;23.50;56.30;;;;;;5032987;28;20038;-46
2021/09/29 09:31:33;;;;;;;2.90;1.58;;;23.60;56.20;;;;;;5032657;28;20476;-46
2021/09/29 09:34:01;;;;;;;4.88;1.77;;;23.60;56.20;;;;;;5031356;28;20069;-46
2021/09/29 09:36:43;;;;;;;5.50;1.80;;;23.70;56.20;;;;;;5031580;28;20026;-46
2021/09/29 09:39:15;;;;;;;3.42;1.70;;;23.80;56.20;;;;;;5032776;28;20022;-49
2021/09/29 09:41:48;;;;;;;2.33;1.40;;;23.80;56.20;;;;;;5032643;28;20029;-44
2021/09/29 09:44:19;;;;;;;4.03;1.52;;;23.80;56.20;;;;;;5032703;28;20068;-47
2021/09/29 09:46:56;;;;;;;2.00;1.42;;;23.80;56.20;;;;;;5031364;28;20152;-46
2021/09/29 09:49:22;;;;;;;3.97;1.50;;;23.90;56.20;;;;;;5031785;28;20053;-47
2021/09/29 09:51:49;;;;;;;2.92;1.90;;;23.90;55.80;;;;;;5031198;28;20072;-45
2021/09/29 09:54:15;;;;;;;4.05;1.92;;;23.90;55.20;;;;;;5032653;28;20439;-43
2021/09/29 09:56:48;;;;;;;3.03;1.75;;;23.80;55.20;;;;;;5014852;28;20460;-43
2021/09/29 09:59:13;;;;;;;4.97;2.00;;;23.80;55.30;;;;;;5032472;28;20025;-47
2021/09/29 10:01:40;;;;;;;2.75;1.70;;;23.80;55.30;;;;;;5030818;28;20025;-44
2021/09/29 10:04:11;;;;;;;3.60;1.90;;;23.80;55.40;;;;;;5014666;28;20080;-45
2021/09/29 10:06:36;;;;;;;4.63;1.95;;;23.80;55.40;;;;;;5030688;28;20064;-45
2021/09/29 10:09:09;;;;;;;4.28;1.80;;;23.80;55.50;;;;;;5032322;28;20033;-46
2021/09/29 10:11:50;;;;;;;8.32;2.60;;;23.80;55.50;;;;;;5015718;28;20152;-47
2021/09/29 10:28:08;;;;;;;19.65;9.48;;;23.80;56.70;;;;;;5050955;28;20048;-46
2021/09/29 10:30:38;;;;;;;23.00;8.70;;;23.80;56.90;;;;;;5050712;28;20132;-50
2021/09/29 10:33:05;;;;;;;20.67;9.07;;;23.80;56.80;;;;;;5051939;28;20060;-47
2021/09/29 10:35:58;;;;;;;23.70;10.35;;;23.80;56.90;;;;;;5050387;28;20029;-48
2021/09/29 10:43:28;;;;;;;16.95;8.25;;;23.90;56.60;;;;;;5051542;28;20372;-46
2021/09/29 10:46:16;;;;;;;20.13;8.60;;;24.00;56.50;;;;;;5051690;28;20033;-47
2021/09/29 10:48:48;;;;;;;18.77;8.23;;;24.00;56.40;;;;;;5051530;28;20033;-45
2021/09/29 11:06:00;;;;;;;14.23;6.38;;;24.20;56.10;;;;;;5051328;28;20039;-43
2021/09/29 11:08:43;;;;;;;11.73;5.53;;;24.20;56.20;;;;;;5050268;28;20032;-43
2021/09/29 11:31:06;;;;;;;8.35;3.92;;;24.10;56.60;;;;;;5053135;28;20441;-43
2021/09/29 11:33:47;;;;;;;11.40;4.20;;;24.10;56.80;;;;;;5054976;28;20068;-44
2021/09/29 11:39:23;;;;;;;7.00;3.67;;;24.20;56.70;;;;;;5055353;28;20480;-44
2021/09/29 12:12:22;;;;;;;5.30;2.63;;;24.10;57.00;;;;;;5053606;28;20539;-45
2021/09/29 12:14:49;;;;;;;5.18;2.25;;;24.20;57.00;;;;;;5052923;28;20025;-50
2021/09/29 12:17:23;;;;;;;3.42;2.20;;;24.20;57.00;;;;;;5054827;28;20376;-44
2021/09/29 12:20:25;;;;;;;4.78;2.42;;;24.30;56.90;;;;;;5054159;28;20493;-47
2021/09/29 12:22:49;;;;;;;4.18;2.42;;;24.30;56.90;;;;;;5050495;28;20415;-44
2021/09/29 12:36:28;;;;;;;4.32;2.10;;;24.60;56.40;;;;;;5038685;28;20076;-47
2021/09/29 12:38:54;;;;;;;3.67;2.17;;;24.70;56.30;;;;;;5054278;28;20025;-44
2021/09/29 12:41:19;;;;;;;3.83;1.88;;;24.70;56.20;;;;;;5052819;28;20048;-49
2021/09/29 12:43:45;;;;;;;5.22;2.10;;;24.70;56.20;;;;;;5053943;28;20033;-44
2021/09/29 12:46:15;;;;;;;2.55;1.52;;;24.70;56.20;;;;;;5053871;28;20029;-43
2021/09/29 12:48:42;;;;;;;3.17;2.00;;;24.70;56.20;;;;;;5053750;28;20109;-45
2021/09/29 12:51:12;;;;;;;4.47;2.40;;;24.70;56.20;;;;;;5053908;28;20039;-44
2021/09/29 12:56:17;;;;;;;3.33;1.85;;;24.60;56.40;;;;;;5053658;28;20025;-44
2021/09/29 12:58:43;;;;;;;3.75;2.08;;;24.60;56.40;;;;;;5052533;28;20037;-45
2021/09/29 13:01:08;;;;;;;5.10;2.00;;;24.70;56.20;;;;;;5053358;28;20031;-46
2021/09/29 13:03:34;;;;;;;3.67;1.70;;;24.70;56.30;;;;;;5053704;28;20037;-44
2021/09/29 13:05:59;;;;;;;3.60;2.00;;;24.70;56.30;;;;;;5052436;28;20060;-48
2021/09/29 13:08:25;;;;;;;2.78;1.70;;;24.70;56.30;;;;;;5053656;28;20384;-50
2021/09/29 13:10:51;;;;;;;3.65;1.98;;;24.70;56.30;;;;;;5052142;28;20043;-49
2021/09/29 13:13:18;;;;;;;3.92;1.80;;;24.60;56.40;;;;;;5052270;28;20024;-49
2021/09/29 13:15:46;;;;;;;4.22;1.88;;;24.60;56.50;;;;;;5052405;28;20036;-48
2021/09/29 13:18:18;;;;;;;3.60;1.80;;;24.50;56.60;;;;;;5053575;28;20029;-48
2021/09/29 13:20:47;;;;;;;2.92;2.00;;;24.50;56.70;;;;;;5053038;28;20036;-49
2021/09/29 13:23:22;;;;;;;2.83;1.70;;;24.50;56.80;;;;;;5052148;28;20056;-49
2021/09/29 13:39:14;;;;;;;3.28;2.05;;;24.40;57.20;;;;;;5053028;28;20565;-48
2021/09/29 13:41:40;;;;;;;3.37;2.00;;;24.40;57.20;;;;;;5052584;28;20021;-47
2021/09/29 13:44:06;;;;;;;4.55;2.22;;;24.40;56.40;;;;;;5051558;28;20040;-46
2021/09/29 13:46:31;;;;;;;4.32;1.70;;;24.30;55.90;;;;;;5051834;28;20033;-43
2021/09/29 13:48:58;;;;;;;7.95;2.10;;;24.30;55.80;;;;;;5051711;28;20258;-46
2021/09/29 13:51:27;;;;;;;3.92;1.70;;;24.30;55.80;;;;;;5051466;28;20037;-45
2021/09/29 13:53:54;;;;;;;7.22;2.20;;;24.30;55.90;;;;;;5052385;28;20411;-43
2021/09/29 13:56:21;;;;;;;4.40;1.80;;;24.30;55.90;;;;;;5051971;28;20033;-44
2021/09/29 14:01:50;;;;;;;4.50;1.80;;;24.10;56.10;;;;;;5050951;28;20087;-44
2021/09/29 14:14:17;;;;;;;3.63;2.05;;;24.00;56.30;;;;;;5052246;28;20032;-44
2021/09/29 14:34:07;;;;;;;3.40;1.77;;;23.80;56.50;;;;;;5051812;28;20068;-51
2021/09/29 14:36:32;;;;;;;2.80;1.65;;;23.80;56.50;;;;;;5051955;28;20075;-47
2021/09/29 14:38:58;;;;;;;4.28;1.85;;;23.80;56.50;;;;;;5050770;28;20025;-46
2021/09/29 14:41:23;;;;;;;3.13;1.50;;;23.80;56.40;;;;;;5050485;28;20033;-44
2021/09/29 14:43:49;;;;;;;2.90;1.40;;;23.70;56.30;;;;;;5051789;28;20029;-45
2021/09/29 14:46:14;;;;;;;1.95;1.35;;;23.80;56.30;;;;;;5050438;28;20067;-46
2021/09/29 14:48:40;;;;;;;3.03;1.38;;;23.70;56.20;;;;;;5051621;28;20471;-45
2021/09/29 14:51:09;;;;;;;2.92;1.60;;;23.70;56.20;;;;;;5051571;28;20033;-43
2021/09/29 14:53:35;;;;;;;2.50;1.40;;;23.70;56.20;;;;;;5050900;28;20512;-44
2021/09/29 14:56:01;;;;;;;3.17;1.60;;;23.70;56.10;;;;;;5051622;28;20021;-48
2021/09/29 14:58:26;;;;;;;2.20;1.40;;;23.70;56.10;;;;;;5051621;28;20361;-45
2021/09/29 15:00:52;;;;;;;3.45;1.40;;;23.70;56.10;;;;;;5051619;28;20033;-48
2021/09/29 15:03:18;;;;;;;2.97;1.80;;;23.70;56.10;;;;;;5051500;28;20043;-45
2021/09/29 15:05:44;;;;;;;2.72;1.42;;;23.60;56.10;;;;;;5051444;28;20103;-46
2021/09/29 15:08:09;;;;;;;1.98;1.05;;;23.60;56.10;;;;;;5051477;28;20523;-44
2021/09/29 15:10:35;;;;;;;3.08;1.20;;;23.60;56.10;;;;;;5050210;28;20060;-45
2021/09/29 15:13:04;;;;;;;4.82;1.10;;;23.60;56.00;;;;;;5051457;28;20025;-44
2021/09/29 15:15:32;;;;;;;4.68;1.30;;;23.60;56.10;;;;;;5051315;28;20033;-47
2021/09/29 15:18:02;;;;;;;2.50;1.33;;;23.60;56.00;;;;;;5051451;28;20074;-43
2021/09/29 15:26:03;;;;;;;2.88;1.20;;;23.60;56.00;;;;;;5051157;28;20100;-50
2021/09/29 15:28:51;;;;;;;3.38;1.25;;;23.50;56.00;;;;;;5051055;28;20025;-44
2021/09/29 15:31:55;;;;;;;2.70;1.20;;;23.50;56.00;;;;;;5051028;28;20032;-42
2021/09/29 15:48:05;;;;;;;1.38;0.77;;;23.50;56.00;;;;;;5050912;28;20035;-44
2021/09/29 15:53:31;;;;;;;2.20;1.20;;;23.50;56.00;;;;;;5050759;28;20068;-44
2021/09/29 16:01:32;;;;;;;1.80;0.80;;;23.40;55.90;;;;;;5028961;28;20029;-47
2021/09/29 16:04:17;;;;;;;3.03;1.23;;;23.40;55.90;;;;;;5047700;28;20116;-45
2021/09/29 16:06:49;;;;;;;2.03;0.70;;;23.40;55.80;;;;;;5054751;28;20025;-44
2021/09/29 16:09:40;;;;;;;2.10;0.77;;;23.40;55.90;;;;;;5054781;28;20365;-46
2021/09/29 16:17:27;;;;;;;2.08;0.70;;;23.40;55.90;;;;;;5054468;28;20020;-44
2021/09/29 16:20:28;;;;;;;1.98;0.73;;;23.40;55.80;;;;;;5054310;28;20057;-43
2021/09/29 16:23:02;;;;;;;0.80;0.57;;;23.40;55.90;;;;;;5054282;28;20033;-43
2021/09/29 16:30:01;;;;;;;3.60;0.80;;;23.40;55.90;;;;;;5054493;28;20083;-46
2021/09/29 16:36:13;;;;;;;2.28;0.80;;;23.30;55.90;;;;;;5052723;28;20131;-47
2021/09/29 16:38:39;;;;;;;1.02;0.60;;;23.40;55.90;;;;;;5053882;28;20021;-45
2021/09/29 16:41:04;;;;;;;1.30;0.60;;;23.30;55.80;;;;;;5053990;28;20434;-44
2021/09/29 16:43:30;;;;;;;1.90;0.85;;;23.30;55.80;;;;;;5053836;28;20025;-47
2021/09/29 16:45:57;;;;;;;0.90;0.50;;;23.30;55.90;;;;;;5052701;28;20112;-48
2021/09/29 16:48:25;;;;;;;1.17;0.47;;;23.30;55.80;;;;;;5052744;28;20477;-45
2021/09/29 16:51:03;;;;;;;2.22;0.88;;;23.30;55.80;;;;;;5053693;28;20048;-48
2021/09/29 16:53:34;;;;;;;1.48;0.70;;;23.30;55.80;;;;;;5052696;28;20029;-46
2021/09/29 16:56:01;;;;;;;2.15;0.70;;;23.30;55.90;;;;;;5052317;28;20468;-47
2021/09/29 16:58:32;;;;;;;1.20;0.70;;;23.30;55.90;;;;;;5053797;28;20036;-45
2021/09/29 17:03:32;;;;;;;1.48;0.50;;;23.30;55.80;;;;;;5052769;28;20067;-44
2021/09/29 17:05:58;;;;;;;1.90;0.85;;;23.30;55.80;;;;;;5052309;28;20033;-45
2021/09/29 17:08:23;;;;;;;1.50;0.60;;;23.30;55.80;;;;;;5053313;28;20150;-44
2021/09/29 17:10:50;;;;;;;1.52;0.70;;;23.30;55.80;;;;;;5053249;28;20021;-45
2021/09/29 17:13:18;;;;;;;1.42;0.55;;;23.30;55.80;;;;;;5053447;28;20063;-48
2021/09/29 17:15:43;;;;;;;0.90;0.60;;;23.30;55.80;;;;;;5052035;28;20032;-44
2021/09/29 17:18:09;;;;;;;1.35;0.70;;;23.30;55.70;;;;;;5051377;28;20029;-44
2021/09/29 17:20:34;;;;;;;1.52;0.50;;;23.30;55.70;;;;;;5053171;28;20051;-45
2021/09/29 17:23:01;;;;;;;2.58;0.60;;;23.30;55.70;;;;;;5053134;28;20017;-44
2021/09/29 17:25:27;;;;;;;0.85;0.50;;;23.30;55.70;;;;;;5051828;28;20492;-44
2021/09/29 17:27:54;;;;;;;0.65;0.47;;;23.30;55.70;;;;;;5053115;28;20025;-47
2021/09/29 17:30:25;;;;;;;0.80;0.40;;;23.30;55.60;;;;;;5051912;28;20028;-44
2021/09/29 17:35:48;;;;;;;1.15;0.60;;;23.20;55.60;;;;;;5052749;28;19911;-47
2021/09/29 17:38:43;;;;;;;1.13;0.50;;;23.20;55.70;;;;;;5053000;28;20104;-44
2021/09/29 17:54:11;;;;;;;0.98;0.50;;;23.20;55.50;;;;;;5051550;28;20396;-46
2021/09/29 17:56:37;;;;;;;0.90;0.40;;;23.20;55.50;;;;;;5051200;28;20029;-46
2021/09/29 17:59:02;;;;;;;1.40;0.50;;;23.20;55.50;;;;;;5052728;28;20016;-43
2021/09/29 18:01:30;;;;;;;1.25;0.60;;;23.20;55.50;;;;;;5051132;28;20159;-46
2021/09/29 18:04:05;;;;;;;1.10;0.60;;;23.10;55.40;;;;;;5051319;28;20108;-44
2021/09/29 18:06:37;;;;;;;0.60;0.50;;;23.10;55.40;;;;;;5051340;28;20044;-47
2021/09/29 18:09:02;;;;;;;1.15;0.60;;;23.10;55.40;;;;;;5052173;28;20064;-45
2021/09/29 18:11:28;;;;;;;0.93;0.40;;;23.20;55.30;;;;;;5052353;28;20044;-42
2021/09/29 18:13:53;;;;;;;1.83;0.57;;;23.10;55.30;;;;;;5051233;28;20120;-47
2021/09/29 18:16:19;;;;;;;0.85;0.40;;;23.10;55.30;;;;;;5051026;28;20461;-48
2021/09/29 18:18:44;;;;;;;0.98;0.40;;;23.10;55.30;;;;;;5050917;28;20162;-44
2021/09/29 18:21:11;;;;;;;0.50;0.40;;;23.10;55.30;;;;;;5050879;28;20032;-45
2021/09/29 18:23:36;;;;;;;1.80;0.50;;;23.10;55.30;;;;;;5051951;28;20029;-46
2021/09/29 18:26:02;;;;;;;0.93;0.52;;;23.10;55.30;;;;;;5050343;28;20040;-46
2021/09/29 18:28:28;;;;;;;0.85;0.40;;;23.10;55.30;;;;;;5050818;28;20036;-44
2021/09/29 18:30:56;;;;;;;0.52;0.50;;;23.10;55.20;;;;;;5050612;28;20484;-45
2021/09/29 18:33:23;;;;;;;1.10;0.50;;;23.10;55.20;;;;;;5051768;28;20045;-45
2021/09/29 18:35:53;;;;;;;1.10;0.40;;;23.00;55.20;;;;;;5051895;28;20036;-45
2021/09/29 18:38:26;;;;;;;0.77;0.35;;;23.00;55.20;;;;;;5034462;28;20025;-46
2021/09/29 18:40:53;;;;;;;0.40;0.30;;;23.10;55.10;;;;;;5050699;28;20035;-47
2021/09/29 18:43:18;;;;;;;0.52;0.30;;;23.00;55.20;;;;;;5045617;28;20028;-47
2021/09/29 18:45:44;;;;;;;1.63;0.40;;;23.10;55.30;;;;;;5050248;28;20781;-47
2021/09/29 18:48:09;;;;;;;3.35;0.40;;;23.00;55.30;;;;;;5050221;28;20528;-43
2021/09/29 18:50:39;;;;;;;1.33;0.40;;;23.00;55.30;;;;;;5051644;28;20017;-44
2021/09/29 18:53:04;;;;;;;1.33;0.50;;;23.10;55.40;;;;;;5050801;28;20056;-46
2021/09/29 18:56:08;;;;;;;5.18;0.57;;;23.10;55.30;;;;;;5050304;28;20052;-45
2021/09/29 19:04:21;;;;;;;1.80;0.50;;;23.20;55.70;;;;;;5048433;28;20063;-48
2021/09/29 19:09:31;;;;;;;1.33;0.40;;;23.20;56.00;;;;;;5047449;28;20068;-45
2021/09/29 19:11:56;;;;;;;0.52;0.40;;;23.20;56.00;;;;;;5048572;28;20029;-50
2021/09/29 19:14:22;;;;;;;0.73;0.40;;;23.30;56.00;;;;;;5030172;28;20037;-48
2021/09/29 19:16:47;;;;;;;0.70;0.40;;;23.30;56.00;;;;;;5046835;28;20433;-46
2021/09/29 19:19:13;;;;;;;0.35;0.30;;;23.30;56.00;;;;;;5030105;28;20030;-47
2021/09/29 19:21:40;;;;;;;3.15;0.50;;;23.30;55.50;;;;;;5047032;28;20040;-46
2021/09/29 19:24:06;;;;;;;0.93;0.40;;;23.30;55.40;;;;;;5046755;28;20068;-47
2021/09/29 19:26:32;;;;;;;1.05;0.40;;;23.30;55.40;;;;;;5049257;28;20060;-46
2021/09/29 19:28:58;;;;;;;0.85;0.40;;;23.30;55.40;;;;;;5033941;28;20040;-45
2021/09/29 19:31:24;;;;;;;0.60;0.40;;;23.30;55.50;;;;;;5050509;28;20036;-45
2021/09/29 19:33:50;;;;;;;1.92;0.50;;;23.30;55.60;;;;;;5050033;28;20060;-48
2021/09/29 19:36:16;;;;;;;1.15;0.50;;;23.30;55.60;;;;;;5049881;28;20041;-47
2021/09/29 19:38:41;;;;;;;6.22;1.85;;;23.30;55.90;;;;;;5049913;28;20021;-49
2021/09/29 19:41:07;;;;;;;2.72;0.68;;;23.30;56.30;;;;;;5036636;28;20041;-47
2021/09/29 19:43:38;;;;;;;2.83;0.50;;;23.30;56.80;;;;;;5037268;28;20032;-50
2021/09/29 19:46:06;;;;;;;;;;;23.40;56.90;;;;;;5054267;28;20040;-45
2021/09/29 19:51:17;;;;;;;1.30;0.50;;;23.50;57.10;;;;;;5055188;28;20036;-52
2021/09/29 20:09:55;;;;;;;2.78;0.88;;;23.70;57.60;;;;;;5053513;28;20090;-48
2021/09/29 20:12:21;;;;;;;0.95;0.40;;;23.70;57.60;;;;;;5053721;28;20491;-48
2021/09/29 20:14:47;;;;;;;0.77;0.55;;;23.80;57.60;;;;;;5053156;28;20025;-50
2021/09/29 20:17:12;;;;;;;1.58;0.63;;;23.80;57.70;;;;;;5053217;28;20550;-46
2021/09/29 20:19:38;;;;;;;0.50;0.40;;;23.80;57.70;;;;;;5053259;28;20025;-48
2021/09/29 20:22:04;;;;;;;1.17;0.50;;;23.80;57.60;;;;;;5053412;28;20029;-48
2021/09/29 20:24:30;;;;;;;2.60;0.70;;;23.80;57.70;;;;;;5053154;28;20055;-50
2021/09/29 20:26:56;;;;;;;1.85;0.43;;;23.80;57.70;;;;;;5054901;28;20036;-50
2021/09/29 20:29:21;;;;;;;3.10;0.50;;;23.80;57.70;;;;;;5053360;28;20186;-49
2021/09/29 20:31:47;;;;;;;1.27;0.35;;;23.80;57.70;;;;;;5053321;28;20112;-48
2021/09/29 20:45:09;;;;;;;0.65;0.40;;;23.90;57.70;;;;;;5053825;28;20032;-46
2021/09/29 20:47:35;;;;;;;0.57;0.30;;;23.80;57.70;;;;;;5052765;28;20025;-48
2021/09/29 20:50:00;;;;;;;0.40;0.30;;;23.90;57.70;;;;;;5053180;28;20090;-49
2021/09/29 20:52:26;;;;;;;0.70;0.40;;;23.90;57.80;;;;;;5051606;28;20523;-44
2021/09/29 20:54:53;;;;;;;0.50;0.30;;;23.90;56.40;;;;;;5052349;28;20033;-48
2021/09/29 20:57:18;;;;;;;0.73;0.40;;;23.80;56.10;;;;;;5052656;28;20092;-47
2021/09/29 20:59:44;;;;;;;0.77;0.40;;;23.80;55.90;;;;;;5053887;28;20575;-47
2021/09/29 21:02:09;;;;;;;1.58;0.30;;;23.80;55.80;;;;;;5052571;28;20457;-48
2021/09/29 21:04:35;;;;;;;0.57;0.40;;;23.70;55.90;;;;;;5053563;28;20103;-50
2021/09/29 21:07:00;;;;;;;1.67;0.45;;;23.70;55.90;;;;;;5052270;28;20025;-45
2021/09/29 21:09:27;;;;;;;0.63;0.40;;;23.60;55.90;;;;;;5052510;28;20475;-46
2021/09/29 21:12:08;;;;;;;1.10;0.40;;;23.60;56.00;;;;;;5052347;28;20436;-50
2021/09/29 21:20:03;;;;;;;0.85;0.38;;;23.70;56.50;;;;;;5052301;28;20109;-48
2021/09/29 21:22:29;;;;;;;0.68;0.35;;;23.70;56.60;;;;;;5052074;28;20544;-50
2021/09/29 21:24:54;;;;;;;3.13;0.45;;;23.70;56.70;;;;;;5051694;28;20117;-53
2021/09/29 21:27:20;;;;;;;3.13;0.40;;;23.70;56.70;;;;;;5051893;28;20041;-48
2021/09/29 21:29:45;;;;;;;0.47;0.30;;;23.80;56.80;;;;;;5053152;28;20025;-51
2021/09/29 21:32:11;;;;;;;0.40;0.30;;;23.70;56.80;;;;;;5051730;28;20060;-46
2021/09/29 21:34:38;;;;;;;0.73;0.30;;;23.80;56.90;;;;;;5051845;28;20579;-45
2021/09/29 21:37:05;;;;;;;0.45;0.30;;;23.80;56.90;;;;;;5051547;28;20064;-44
2021/09/29 21:47:54;;;;;;;0.60;0.30;;;23.80;57.20;;;;;;5052563;28;20070;-45
2021/09/29 22:17:50;;;;;;;1.15;0.40;;;23.80;57.50;;;;;;5051283;28;20551;-51
2021/09/29 23:06:16;;;;;;;1.20;0.40;;;23.70;57.10;;;;;;5050935;28;20511;-53
2021/09/29 23:08:47;;;;;;;0.82;0.30;;;23.70;57.10;;;;;;5051982;28;20036;-53
2021/09/29 23:11:20;;;;;;;1.02;0.50;;;23.70;56.70;;;;;;5051485;28;20035;-51
2021/09/29 23:32:49;;;;;;;0.60;0.40;;;23.50;56.30;;;;;;5054428;28;20067;-53
2021/09/29 23:35:14;;;;;;;1.05;0.40;;;23.50;56.20;;;;;;5055927;28;20025;-48
2021/09/29 23:37:43;;;;;;;2.10;0.50;;;23.50;56.20;;;;;;5055665;28;20055;-49
2021/09/29 23:40:17;;;;;;;1.33;0.50;;;23.50;56.20;;;;;;5055774;28;20049;-51
2021/09/29 23:42:43;;;;;;;1.55;0.40;;;23.50;56.20;;;;;;5055460;28;20025;-53
2021/09/29 23:45:09;;;;;;;1.63;0.40;;;23.50;56.20;;;;;;5055438;28;20031;-53
2021/09/29 23:47:35;;;;;;;1.38;0.40;;;23.60;56.30;;;;;;5054190;28;20472;-47
2021/09/29 23:50:05;;;;;;;1.80;0.40;;;23.60;56.30;;;;;;5054279;28;20025;-54
2021/09/29 23:52:31;;;;;;;1.63;0.60;;;23.60;56.20;;;;;;5055089;28;20025;-47
2021/09/29 23:54:56;;;;;;;1.05;0.40;;;23.60;56.30;;;;;;5055348;28;20033;-49
2021/09/29 23:57:22;;;;;;;2.28;0.40;;;23.60;56.30;;;;;;5054721;28;20075;-47
2021/09/29 23:59:48;;;;;;;0.80;0.40;;;23.60;56.30;;;;;;5053312;28;20025;-51
